what,4749
how,1090
who,1059
when,696
which,454
in,443
where,433
the,237
why,151
on,44
to,43
by,38
along,36
at,35
whose,34
if,32
after,31
besides,30
a,29
other,29
for,27
from,26
approximately,26
according,23
during,22
of,22
since,13
name,13
what's,13
under,13
there,11
abc,11
as,10
is,10
most,9
an,8
with,7
about,7
prior,6
southern,6
imperialism,6
before,5
this,5
compared,5
are,5
one,4
because,4
new,4
aside,4
were,4
did,4
what,4
outside,4
does,4
civil,4
le,4
rather,3
over,3
complexity,3
within,3
though,3
students,3
although,3
against,3
disney-abc,3
gamma,3
brownlee,3
stephen,3
any,3
super,2
who,2
into,2
early,2
warsaw's,2
assuming,2
it,2
decision,2
case,2
that,2
despite,2
would,2
luther,2
each,2
downtown,2
university,2
sky,2
can,2
french,2
these,2
people,2
oxygen,2
has,2
dendritic,2
antibodies,2
hormones,2
sleep,2
constitutional,2
thoreau,2
construction,2
building,2
residential,2
up,2
policies,2
roughly,2
there's,2
western,2
maududi,2
colonial,2
colonialism,2
friedrich,2
germany,2
richard,2
clergy,2
whic,1
peyton,1
manning,1
newton,1
normally,1
paramount,1
universal,1
disney,1
british,1
graham,1
warsaw,1
king,1
tesla's,1
milutin,1
down,1
turing,1
time,1
communication,1
classification,1
big,1
difficulty,1
concrete,1
bounding,1
ac,1
bqp,1
ip,1
resources,1
reduction,1
polynomial,1
np,1
problems,1
intractable,1
teacher's,1
nonverbal,1
enthusiastic,1
humor,1
teaching,1
orange,1
geographically,1
point,1
los,1
generally,1
cities,1
motion,1
warner,1
century,1
jamboree,1
who's,1
jean,1
france,1
charleston,1
william,1
d'olier,1
families,1
huguenots,1
reports,1
thomas,1
above,1
full,1
high,1
compounding,1
roughly,1
photosynthesis,1
_____,1
john,1
an,1
statues,1
sir,1
included,1
suzuki,1
tibetan,1
britain's,1
noble,1
goldenson,1
ugly,1
2011-12,1
shark,1
relegation,1
very,1
leonard,1
$500 ,1
capital,1
miller-boyett,1
red,1
blue,1
among,1
which's,1
jochi's,1
genghis,1
later,1
khitan,1
jenggis,1
developments,1
antigens,1
pattern,1
semen,1
vaginal,1
commensal,1
eicosanoids,1
phagocytes,1
phagocytosis,1
innate,1
natural,1
missing,1
mhc,1
antigen,1
killer,1
helper,1
activation,1
immunological,1
long-lived,1
newborns,1
female,1
disruptions,1
older,1
lots,1
tumor,1
plants,1
plant,1
cells,1
vaccination,1
bacteria,1
low,1
inflammation,1
melatonin,1
primitive,1
evolution,1
invertebrates,1
tumors,1
cytokine,1
antibody-dependent,1
drop,1
complement,1
sophocles,1
antigone,1
his,1
inspired,1
gandhi,1
vice,1
more,1
browlee,1
cristian,1
debates,1
revolutionary,1
bedau,1
such,1
wbai's,1
anarchists,1
going,1
zoning,1
infrastructure,1
enr,1
site,1
dutch,1
working,1
even,1
cost,1
constructing,1
contracts,1
focus,1
having,1
school,1
granting,1
ministers,1
agassiz's,1
common,1
post,1
starting,1
harvard,1
based,1
soon,1
supplies,1
jacksonville's,1
jacksonville,1
survivial,1
survival,1
income,1
higher,1
persistent,1
health,1
inequality,1
barro,1
excessive,1
fans,1
dimensions,1
hutchinson,1
uchicago,1
around,1
hank,1
ludwig,1
preschool,1
levels,1
trial,1
completing,1
messiaen,1
lake,1
microplates,1
vetra,1
taking,1
different,1
setting,1
issues,1
members,1
mps,1
salafism,1
conservative,1
iqbal,1
secular,1
mohammad,1
iran,1
until,1
thousands,1
informal,1
political,1
j.,1
halford,1
terra,1
orientalism,1
bassett,1
european,1
theories,1
hobson,1
humans,1
europe,1
jules,1
colonies,1
trotsky,1
rudyard,1
prevenient,1
healing,1
elders,1
no,1
deacons,1
unlike,1
local,1
governon,1
given,1
pitt's,1
whwn,1
static,1
objects,1
matter,1
whatare,1
boycotting,
refineries,
economy,
unsurprisingly,
today,
historically,
tension,
